first_name,avg_score
Aria,97.33333333
Chloe,96.33333333
Sofia,95.33333333
Riley,94.66666667
Harper,94.33333333
